"Epic","Feature","Story","FAILED","BROKEN","PASSED","SKIPPED","UNKNOWN"
"Bookstore API","Books API","Create Book","0","0","6","0","0"
"Bookstore API","Books API","Get All Books","0","0","3","0","0"
"Bookstore API","Books API","Delete Book","0","0","4","0","0"
"Bookstore API","Books API","Get Book By ID","0","0","6","0","0"
"Bookstore API","Authors API","Get Author By ID","0","0","3","0","0"
"Bookstore API","Authors API","Delete Author","0","0","3","0","0"
"Bookstore API","Authors API","Update Author","0","0","2","0","0"
"Bookstore API","Authors API","Get All Authors","0","0","3","0","0"
"Bookstore API","Books API","Update Book","0","0","3","0","0"
"Bookstore API","Authors API","Create Author","0","0","3","0","0"
